ticket_id,ticket_no,cust_id,trip_id,cost
1,e8mjkptzvc,1,1,8
2,3uvn6b597f,1,2,32
3,6u5bx0eelr,2,3,41
4,0qpwnevvpy,2,4,5
5,paxc3vajcq,3,5,94
6,uf03xtphx6,4,6,76
7,ey0if12gst,5,7,43
8,8fk5yiahuz,5,8,47
9,x6pmwuyn4z,6,9,26
10,yvhkaucuz7,7,10,13
11,4s0qvgf6mq,7,11,32
12,vewnsorgo9,8,12,61
13,cafmow232k,9,13,61
14,0pbxd5idan,10,14,95
15,4wdal2axn4,11,15,26
16,csjec0v5yp,11,16,52
17,pyjy6p0bsr,12,17,22
18,tpcdk8jq6a,12,18,42
19,enjkeblsg0,13,19,56
20,tzdcfomqfy,14,20,5
21,sltqzkt1ld,15,21,84
22,qrs3kzulms,16,22,56
23,mnqpesr1gb,16,23,5
24,l1fkxm0hfy,17,24,38
25,ajthrntaua,18,25,80
26,qfgcbpdgo8,19,26,22
27,ny3rit86p5,19,27,22
28,yf7snclam2,20,28,44
29,0yo7s1xcpx,21,29,42
30,zubvnhrvib,22,30,95
31,htcl9ot3cr,22,31,57
32,qyatodfjsd,23,32,27
33,wfya4rouip,24,33,62
34,o0u3stkost,25,34,56
35,zjn8fqlj4e,26,35,23
36,wsvro5lne5,27,36,82
37,fbyxzrpqzx,28,37,74
38,msx05z4vhj,29,38,16
39,kq6rfvgnl2,30,39,62
40,pv2ep3b9be,30,40,97
41,jeughcrd21,31,41,23
42,vopidxdafd,32,42,82
43,ihuru9u4oh,33,43,58
44,cjxhqqlufq,33,44,34
45,v86cuvbell,34,45,86
46,wq3ggplqms,35,46,58
47,i24yu8ptac,35,47,17
48,l2shvz8rfr,36,48,8
49,h51dmceta9,36,49,87
50,3oiuubb50p,37,50,59
51,crq7h9niik,37,51,9
52,8xwqn2jfi0,38,52,96
53,4ju93b603d,39,53,1
54,ygzp4sap6b,39,54,91
55,o3sbd2ph5x,40,55,10
56,3bbzwk36de,41,56,84
57,zk5c6issu0,41,57,64
58,ptttlmwbi8,42,58,78
59,2c2izoaucg,43,59,79
60,plixhr0y0t,44,60,96
61,eo8lkfbkwt,44,61,61
62,onkahnbwwj,45,62,60
63,4fybrjdwgl,45,63,6
64,o7jlmlfr4u,46,64,53
65,yvqnc4xlqe,47,65,2
66,a8myink4a6,48,66,47
67,fq0yc9i6mt,49,67,24
68,rrrk6brvxb,50,68,35
69,3ewigtrv2v,50,69,26
70,9yurzoz0bx,51,70,66
71,vr76qqmvh1,52,71,99
72,rfzek2ysgn,52,72,87
73,wbx32hvwpn,53,73,15
74,nnms6vupju,54,74,53
75,qyrieig4oi,54,75,22
76,88v0ftqvsi,55,76,73
77,rlfjr1inav,56,77,9
78,ygymbc9mls,57,78,18
79,5zmnsybne5,57,79,58
80,ktm33lp0d3,58,80,61
81,tpmjtqj9gd,58,81,49
82,hxdomqdmdf,59,82,12
83,mdbfqkacb0,59,83,65
84,q55qkhapwd,60,84,32
85,slzk0bqenr,60,85,84
86,1ju364jwrr,61,86,12
87,kooewty64s,61,87,99
88,6dfwljxf4l,62,88,75
89,lzqfjh8d3c,62,89,45
90,rt51huospj,63,90,35
91,2vonbstkfw,64,91,62
92,wz34bfggme,64,92,83
93,mq9a95kjfp,65,93,76
94,38bau2bvbt,65,94,86
95,kk40wzmn8g,66,95,38
96,sblbc9fsq4,67,96,62
97,jc5oflxb0r,67,97,32
98,mlpo2tk76j,68,98,7
99,yxvk0o3xzm,69,99,97
100,xmfbfn09ke,70,100,85
101,idsz2y4g08,71,101,74
102,jjbd1a8nae,71,102,47
103,jmx3gjauyf,72,103,42
104,i1hzvfrt7v,73,104,28
105,fuqbwramt1,74,105,54
106,mirami9thd,74,106,35
107,b3kmglt0w5,75,107,76
108,ywebg3fmei,76,108,28
109,dqoueonyhh,77,109,48
110,msji0uedxi,78,110,95
111,9nn6f3ejlo,78,111,18
112,ydnvv0q9xl,79,112,76
113,nqmmoc8b54,80,113,29
114,s93uudekcq,80,114,78
115,qhf6irgutq,81,115,46
116,oigkaqmjzp,81,116,29
117,iae3x50mrs,82,117,36
118,ycc6qlfymq,82,118,73
119,bfapsy3m0y,83,119,2
120,xvodcc7eo9,83,120,35
121,nqs4es5v2y,84,121,22
122,hlhuvko8o3,85,122,58
123,d0a9t0h0cl,85,123,78
124,tmy0ovlgqg,86,124,56
125,wc6j1jtbwx,87,125,75
126,2vwy1nnllk,87,126,69
127,f1jq4k07go,88,127,0
128,gveokqerf0,89,128,69
129,lcdrvsy5ag,89,129,11
130,gyisnqnsk4,90,130,99
131,5q5dscswrd,91,131,8
132,cllk8why85,91,132,37
133,zbe3yh79ko,92,133,63
134,sujnieafwo,93,134,20
135,zalgci60pc,93,135,22
136,zrgrzfidbw,94,136,2
137,4axjybrpka,94,137,50
138,hsvfrvqj4t,95,138,88
139,z38qfy89n3,95,139,25
140,wvl5j6cjs8,96,140,22
141,tomqwajlci,96,141,78
142,lckjxmmclu,97,142,63
143,5tsd8w9pqu,97,143,87
144,gu6dkwa3fv,98,144,11
145,uh3uimsxfm,99,145,92
146,9mu4u3kuas,99,146,12
147,0plfvm4jfe,100,147,23
148,f1m4m3gvm1,100,148,29
149,0ter3shbd3,101,149,67
150,4ld1e2lr8e,102,150,31
151,86nx7lebgr,103,151,53
152,bmwws4ucug,104,152,53
153,o80wevubb6,104,153,57
154,en4vdpj5f0,105,154,50
155,cj1avnijje,106,155,68
156,kok32im1ie,107,156,33
157,2amxc9y0gj,108,157,57
158,itsl8uazts,109,158,36
159,m6jvsamr6t,109,159,93
160,erxv5icmgp,110,160,14
161,zx2p7d50i4,111,161,37
162,qynwkredp1,111,162,10
163,qkkwa1mqpj,112,163,62
164,81nkl0diqs,113,164,88
165,6mjabkdsf6,113,165,48
166,giii4o5ev5,114,166,20
167,piskj2qg8m,115,167,96
168,0795zldqul,116,168,81
169,ltbdydi5em,116,169,2
170,zvvcy7xn3o,117,170,69
171,26hivb95kz,117,171,1
172,kcwlmbllg7,118,172,62
173,zatrbk30r7,119,173,79
174,ulgel2gvd1,119,174,38
175,tpcfdtpfqz,120,175,6
176,zcmubuqadl,120,176,61
177,f723cgplvc,121,177,46
178,xixzaer6um,122,178,11
179,r98k0ffqsf,123,179,87
180,hlxkhmsiym,124,180,41
181,bbnyfj2nmw,125,181,30
182,rxfz5bcnjx,125,182,7
183,6a8p29hafm,126,183,87
184,zbyhryahs9,127,184,75
185,p1gpjhcy26,128,185,89
186,32hjnd6xoc,128,186,9
187,0wkoa1azxn,129,187,38
188,ekrqirjf1a,129,188,98
189,sre1djke1f,130,189,96
190,6tgqahvee4,130,190,36
191,70zbn6axu1,131,191,11
192,f25nqwe6pw,131,192,36
193,u62dwgu0vw,132,193,99
194,ze9bnimbyr,132,194,26
195,slt7zcjd49,133,195,43
196,etrmp1w1w4,134,196,13
197,kl2ce2htch,135,197,81
198,v9wxo0urpw,135,198,74
199,qu396htyxe,136,199,59
200,hbmtfiyalu,137,200,85
201,y4yi33g1p9,137,201,99
202,jb2npbcpke,138,202,64
203,cqpq9uqiv9,138,203,64
204,bdswnlvm8w,139,204,58
205,zmfifwx05n,139,205,47
206,s7zt5qbelk,140,206,51
207,ut7nxyzzsb,141,207,15
208,um6fq0t1x6,141,208,6
209,7zfdo8isht,142,209,80
210,imynfry9sm,143,210,28
211,i3z0apf9cd,143,211,10
212,awzgpxlh1o,144,212,5
213,rb7i3w9ngr,144,213,24
214,wtfxk8xh4d,145,214,48
215,rsnyimlbpu,145,215,9
216,tfgm4ru5al,146,216,23
217,14gvphcrla,146,217,24
218,nvzrcw6idf,147,218,46
219,1hpik6nphb,147,219,41
220,qzs87axejp,148,220,33
221,jxfntrggtc,148,221,47
222,1lopir60dg,149,222,45
223,1e5xt0hdzs,149,223,41
224,prqeu41jsl,150,224,91
225,ysfuyiut4u,150,225,85
226,2h1adtvn7h,151,226,9
227,1woipdasw5,152,227,72
228,xr7npd3jy8,152,228,25
229,izbbsfi9if,153,229,57
230,ed88mglump,153,230,72
231,8ccokdtma2,154,231,41
232,mj0jpcjagk,155,232,90
233,jslji0mq2s,155,233,16
234,uj8xluqz2k,156,234,50
235,puojgsdhla,156,235,13
236,lcrhvw26ew,157,236,35
237,c2hutgya1x,158,237,18
238,eedely0pmz,158,238,60
239,1w1txufq2r,159,239,93
240,t9funnu2cq,160,240,5
241,adw4gqbf5s,160,241,96
242,9r0dldfaag,161,242,22
243,3wsntmnjkm,161,243,24
244,srztmkuerq,162,244,30
245,dewzc13deb,163,245,28
246,3lbri670i8,164,246,13
247,9ic8akpspl,164,247,66
248,h3jmhd7qst,165,248,52
249,gnamhsj2ay,165,249,64
250,us0tm7gk0m,166,250,98
251,yqmoy0pocw,166,251,44
252,nl1lz8lztr,167,252,71
253,qywoubriy9,168,253,40
254,vppol64ear,168,254,37
255,fvbkxoxrfh,169,255,38
256,quytxk0shu,170,256,66
257,blwagswcct,171,257,54
258,cypg2c8ydw,172,258,15
259,xogmbrh8ao,173,259,48
260,cnmndyvywf,174,260,6
261,d3zo6xvqvq,175,261,63
262,ktmwdgjkft,175,262,19
263,scxbooogie,176,263,58
264,tvsdxyhhny,176,264,46
265,5ku3uuhojd,177,265,66
266,pjsx8ckkjq,177,266,12
267,x96kh7w3dp,178,267,90
268,5t4ikryqx2,179,268,36
269,qe1bkjxqh6,179,269,27
270,p2l2busbls,180,270,56
271,u87bpemxau,181,271,44
272,dxl78mlfkw,181,272,25
273,5gvjdp1bq8,182,273,29
274,k6zqvjnzbd,182,274,81
275,3bg5ubpoii,183,275,15
276,u4quaqbyli,184,276,63
277,94wsvt8wke,184,277,66
278,yt9myucq1r,185,278,62
279,ezdjtl7oii,186,279,69
280,d9yviwf1ny,187,280,79
281,7qppx6svdf,187,281,65
282,39cojhh1ar,188,282,56
283,dwthkojj65,188,283,44
284,l3efhsfh7s,189,284,21
285,0lwuvwxrj2,190,285,56
286,o2sgb7wr2b,190,286,16
287,0mvsloldru,191,287,5
288,wabq4y1o1m,191,288,37
289,8hj6p0gfih,192,289,31
290,gu4sofvdx3,192,290,79
291,ibfjq2v5y3,193,291,20
292,bbgqdwgwno,194,292,56
293,dzy61vp8pw,194,293,69
294,feqnqn3zxu,195,294,9
295,cblod7sc08,195,295,49
296,tw3w8vx0tf,196,296,98
297,k680rtpsyq,197,297,3
298,sb3ou5olje,197,298,87
299,ig2ldxpfag,198,299,85
300,i4x3jna0nx,199,300,86
301,gfre2vtnlf,200,301,16
302,vdzglprnfs,200,302,58
303,te0n0zq4vo,201,303,98
304,nz188aozy7,202,304,60
305,p21fl9keqv,202,305,6
306,koveekujjx,203,306,32
307,oaxgshpr7o,204,307,56
308,ycfcvonnl6,205,308,41
309,q5m0yypnxs,205,309,93
310,r2mgolgmt6,206,310,45
311,z6qbjhrwiq,206,311,18
312,kylr5gr6hu,207,312,25
313,6k3scwofbu,207,313,19
314,u0oudplnb6,208,314,3
315,cwitvvrv71,209,315,17
316,flw0rscp0a,210,316,81
317,ajzj4ilngu,211,317,94
318,vq7pdzzxkl,212,318,86
319,tqf0xhcw8u,213,319,84
320,i9eahehq9k,214,320,53
321,4xryeaqzyn,214,321,97
322,86afjjo7rd,215,322,17
323,crruuuf3um,216,323,95
324,51xrkidyq9,216,324,93
325,cpn6xqwao9,217,325,85
326,wkdvlctmee,217,326,74
327,rcr8bne6pg,218,327,74
328,zzutfanfol,219,328,12
329,0equcw2xvy,220,329,43
330,s3xyn8hbst,221,330,4
331,nu96odj1kl,221,331,2
332,wz5qkhtj21,222,332,84
333,tk27gsmcwm,223,333,99
334,0hv93dadvx,224,334,50
335,gxzqxidjvh,224,335,47
336,3bbmnws6pn,225,336,5
337,fddupja0um,225,337,14
338,yly5cm48xb,226,338,74
339,ouj4v1eaz6,226,339,46
340,ktrwjkaycl,227,340,29
341,ow60sqhju2,228,341,94
342,jhqhrcfqjj,229,342,15
343,qfyvglnolc,229,343,73
344,scubel4dlr,230,344,36
345,4ppywwxqoi,230,345,51
346,j2mw5tliyx,231,346,41
347,ppujx5wbyu,231,347,54
348,tliceaxd0g,232,348,85
349,7hmmyxtyxj,232,349,78
350,5z1f8snugd,233,350,8
351,nbugauodqb,234,351,46
352,y2lqvnwebx,235,352,93
353,sahibeonnz,235,353,85
354,aufm91husa,236,354,97
355,5kn6pb7oba,237,355,46
356,cjh6oe1ryw,238,356,42
357,y4cwd8bjen,239,357,86
358,idlvineixn,240,358,19
359,zl5hml4mon,240,359,31
360,ycl9nl1ziv,241,360,27
361,yjmek1rb0h,242,361,60
362,yd53zola7v,243,362,78
363,pv0xo5uuu6,243,363,85
364,eugy5toyni,244,364,87
365,5gf16jd1rg,245,365,80
366,ifzceeqetk,246,366,61
367,3qq4xvwg7d,247,367,9
368,4kdoe6vquh,248,368,81
369,qe99q8vfds,249,369,87
370,kzuk08jwlq,249,370,41
371,s5nwfe3s3o,250,371,80
372,86gyjtm4fd,251,372,22
373,wt99li2hhn,252,373,81
374,qos5tdtq0d,253,374,66
375,q4uuoe2nvb,254,375,79
376,ab6did1fzy,255,376,80
377,kun9edrir5,255,377,19
378,pd7bn1qaff,256,378,38
379,zicvzfsy94,257,379,15
380,30hmgywm9r,257,380,91
381,n5nupclo9b,258,381,72
382,4xsto3vmct,258,382,40
383,djrcsbov4x,259,383,67
384,atv6qow5po,260,384,40
385,ffrivx5zz7,261,385,42
386,6kizlkwc9n,261,386,40
387,enc5zs8daf,262,387,35
388,fnyitxzsbq,263,388,63
389,77ayi7o6dw,263,389,99
390,us6tie3xcv,264,390,84
391,pdoeh6ccnw,265,391,84
392,ulilij3es7,265,392,37
393,m8q0j4jfba,266,393,70
394,31ycsdttiw,267,394,99
395,9rqtidsu9x,267,395,70
396,k3ydcvsxe2,268,396,90
397,n7pipl3uhd,269,397,98
398,onxka3fxd6,269,398,81
399,rxhrwpyju1,270,399,78
400,unz1kvzf1c,270,400,52
401,getxl8pq8h,271,401,44
402,jae131cyqa,271,402,73
403,2c1imlgv5a,272,403,21
404,zvdhximpcn,273,404,16
405,k7kmzfuibr,273,405,58
406,uuptbtkt2c,274,406,16
407,zunykdrskg,275,407,67
408,5b0ydpo2yz,276,408,10
409,shtwzzf6vu,276,409,38
410,vvu15i7lsf,277,410,59
411,pqqqhb18fm,277,411,79
412,m9trca9cy7,278,412,86
413,vm9aew9zuj,278,413,57
414,ylv0rigk2z,279,414,52
415,mslz6hhyhs,280,415,36
416,snzuzeurwv,280,416,86
417,mjcznu77r1,281,417,55
418,dh0vjutgob,281,418,89
419,trrujonzgi,282,419,72
420,sjb2ur5gsk,282,420,54
421,y89pgyhclr,283,421,69
422,odozolb7pu,284,422,5
423,e2um2rpmuj,285,423,62
424,wsjoocyanx,286,424,16
425,jpwy5ppeej,287,425,54
426,800cesq3kq,287,426,97
427,ab9r3iba75,288,427,57
428,mmyoe6rk7c,289,428,53
429,hchdyqmrgz,290,429,7
430,yz4czzobkc,291,430,87
431,knfi6tjgpa,291,431,60
432,tvt08a23gy,292,432,83
433,9bjzbwa5ij,293,433,44
434,u5whtq8xvg,294,434,36
435,cc5dt5avg4,295,435,9
436,2uuehrkoc1,295,436,25
437,jkagnmkohi,296,437,5
438,cl7mhy575l,296,438,61
439,hmc9umcm7x,297,439,83
440,lvhfbtxq1p,298,440,3
441,u4hxgjrztb,299,441,71
442,tbmqqsckxm,299,442,23
443,y9vm9sgc6m,300,443,35
444,pcukofmwa2,301,444,43
445,nrrsdzasel,302,445,83
446,wdaovdfiwr,303,446,3
447,kfj9qs8gow,304,447,15
448,3gjqxnk6zh,304,448,33
449,jk5z2ean1s,305,449,30
450,cemyt4l8il,306,450,95
451,ww6lwubzs6,306,451,67
452,rojpepfgmv,307,452,66
453,l9nigp0lm9,307,453,45
454,wgmnksnxq4,308,454,89
455,hmy4vkt4ya,309,455,33
456,wqbqua2thb,310,456,57
457,sr0afwcjjo,311,457,3
458,61vxog8kbk,311,458,3
459,d2sau5p4d2,312,459,34
460,9lohcowk4l,312,460,79
461,igycqup37t,313,461,36
462,wq87b82bkk,313,462,38
463,0o55bnt6ln,314,463,4
464,uewy5u44w4,314,464,61
465,rdjpc2t3hz,315,465,74
466,bdjxppf5tt,316,466,28
467,2mrcawx5nu,316,467,43
468,mr3abpx7rt,317,468,8
469,whd185o415,318,469,17
470,rct22fckcc,319,470,45
471,2ucxr2uhae,319,471,13
472,dqzwcthbcm,320,472,29
473,k1ov7xpkre,321,473,98
474,3qsskjluev,321,474,99
475,nolx6jbvr8,322,475,16
476,lkdv8uyqeq,323,476,17
477,qi9a2ej1ua,324,477,94
478,eowk0qumb3,325,478,4
479,s7wp7xgwwe,326,479,2
480,k86c09hvbp,327,480,80
481,hg2dulrk9f,327,481,53
482,pumavl4ogb,328,482,38
483,vf6ja7a1vw,328,483,93
484,vmfkbm52er,329,484,29
485,bf5dzj63wg,329,485,21
486,cwimfstxl2,330,486,78
487,7vn1hendjs,331,487,27
488,yh057r4afp,331,488,6
489,65ti4paty7,332,489,8
490,awglou4zeg,333,490,53
491,y65m1z2alg,334,491,7
492,8xlqys3dki,335,492,57
493,dduqdia0cm,336,493,14
494,sc0d0mjxsk,336,494,21
495,inw4mgdub6,337,495,39
496,6arb6bjwre,338,496,47
497,khjmwotxwy,338,497,92
498,52p7m1m9ob,339,498,49
499,v7kz9qzzpd,339,499,31
500,1dc5nhb1om,340,500,73
501,shnmukh3v9,340,501,24
502,iwphjktujl,341,502,41
503,iy7vghdhc0,342,503,24
504,8wngh5c5qy,342,504,17
505,syqfrtmhlu,343,505,10
506,bcom09kabj,344,506,98
507,qigdfvxdjy,344,507,82
508,hf2iu69or4,345,508,38
509,xqssjqt4g0,346,509,19
510,wllmgdorn9,347,510,40
511,el6ome5glf,348,511,68
512,hayrczmlzv,348,512,79
513,nivenpima4,349,513,35
514,0rvs88bwyu,350,514,39
515,s1qxk0nyeo,350,515,83
516,ur9wqwf0e9,351,516,53
517,mnsa2dui7f,352,517,23
518,mi9izuxmji,352,518,43
519,1fzzmrntkh,353,519,10
520,iff7k3fl8l,353,520,49
521,uas7xzugu4,354,521,48
522,vnk8d2ditx,354,522,57
523,3nnge9dyei,355,523,76
524,9n7emddiew,355,524,76
525,npxk8kixa0,356,525,95
526,czj1plkq4t,356,526,34
527,7v96axmuol,357,527,59
528,ccvzj2zp7q,358,528,8
529,polvxg0sdx,359,529,68
530,opwk6djv3g,359,530,35
531,joxygymnr3,360,531,49
532,khneiiludv,361,532,1
533,b5ykxwxqr2,361,533,45
534,wfebb9mfkt,362,534,62
535,ayhltjeam1,362,535,62
536,64sms8yisf,363,536,8
537,bdotw083m1,363,537,23
538,4nnsgajgli,364,538,25
539,hguo4cdkvz,365,539,64
540,l8sj0kcbsb,365,540,80
541,dv04ihvbz2,366,541,22
542,tclmfqa9ic,367,542,23
543,axbbnqq6xq,368,543,0
544,kjubpt2h5c,368,544,18
545,tc565mxxwk,369,545,18
546,brnubeoiec,369,546,72
547,c5vbaa2wx0,370,547,3
548,8w49fgcwpi,370,548,17
549,f4rhvciwcj,371,549,90
550,a8d9c84cpj,371,550,23
551,kwmadgsawh,372,551,43
552,6ovfpezhmz,372,552,99
553,wcu3t0m9rg,373,553,56
554,yfggr4cwoe,373,554,49
555,hxypy2zqrp,374,555,6
556,sh0kg64nhe,374,556,92
557,mthgj6gjfp,375,557,60
558,zzaq8ussfq,375,558,1
559,ouhnqmn8ux,376,559,19
560,hmwzwiypce,376,560,37
561,d9k58h5isv,377,561,49
562,rimyqnkhui,378,562,84
563,nfqkn1woyk,378,563,59
564,oqmsqfnelj,379,564,20
565,ow1iogamtb,380,565,83
566,odhijc6t5y,381,566,57
567,me18tbwkdc,382,567,50
568,xzmns9eq2c,383,568,16
569,9nzd0c17tj,384,569,11
570,uyk5jdpmaa,385,570,30
571,dwyvtijrxg,385,571,7
572,eulql5r1ka,386,572,80
573,xqadlmvvvr,386,573,28
574,36on77mdqu,387,574,99
575,31aj9g4byw,387,575,73
576,3ppjalr7vh,388,576,50
577,65natbodxr,389,577,83
578,sc0v3akhxr,389,578,78
579,qiw8hkfs85,390,579,12
580,gx1z3ucwxj,390,580,48
581,lxbp7t1aop,391,581,82
582,cnprx1vmq3,391,582,82
583,nfwwqyryxd,392,583,29
584,w4m4qjur3m,392,584,21
585,yzhasvct7o,393,585,14
586,v7afhrirfl,393,586,82
587,yiq6sfmzqz,394,587,62
588,d0jwwawr1w,394,588,63
589,u4af8cjbmi,395,589,69
590,g6wtj8iu1i,396,590,59
591,tp1y4auobh,396,591,37
592,r24il5xrcp,397,592,13
593,cu6k9c1fix,397,593,10
594,zw1h9ssp5i,398,594,58
595,okp8rgndvu,398,595,71
596,vmz0olysfc,399,596,55
597,ctzhqz3q9y,399,597,68
598,3jlibwmnjv,400,598,77
599,6rek9jaqwy,400,599,83
600,hu27bzeilm,401,600,15
601,ihhv8shwyt,402,601,53
602,0onpdvexwh,402,602,62
603,5ldxygd9wh,403,603,35
604,gkmx4belmb,404,604,51
605,et34qgrawy,404,605,68
606,ob6tjparu6,405,606,48
607,wl18kku0qc,405,607,39
608,xufrmfzn1c,406,608,39
609,bfky1ivxiq,407,609,17
610,k8yca7c9b2,407,610,22
611,epr6sinv0r,408,611,9
612,ughip6lvxl,408,612,27
613,tuxckng4dx,409,613,96
614,wbtggwdtw3,409,614,20
615,jwwtjysgj0,410,615,54
616,uodrfmyfs2,410,616,8
617,8z8brrgcp6,411,617,3
618,jivud99j3b,412,618,31
619,v6sr7pyfgn,413,619,19
620,nvgsezdmws,413,620,59
621,ymyvxo1rub,414,621,3
622,pnuzqxhvk3,415,622,48
623,qgc8l0j1zj,415,623,3
624,kbgqwel68g,416,624,43
625,df7e5nforl,417,625,10
626,ji23lwxzhf,418,626,60
627,0mric7joex,419,627,76
628,rqc2di3m7o,420,628,69
629,cx9w8vh2in,421,629,35
630,rtag0pg04t,421,630,36
631,xs5ry1cehr,422,631,70
632,eagksvcmd1,422,632,12
633,pqor25weuo,423,633,51
634,jh7efq99c4,423,634,4
635,8hgt1k1ezr,424,635,1
636,jb91a0zxm8,425,636,25
637,szffpdpxwb,426,637,47
638,rhqaeg99vl,427,638,21
639,nkjy64vhxx,428,639,80
640,ehrniuzc5z,429,640,9
641,5lzcglvz5q,429,641,34
642,anemc23qun,430,642,83
643,drqfwpwqth,430,643,26
644,y1y8snkia7,431,644,53
645,kynxnjznsq,432,645,70
646,uvsgo8qcos,433,646,33
647,vc18enrnfe,434,647,15
648,k8vufg8fua,435,648,59
649,wq13fzsios,435,649,57
650,3e680iskyl,436,650,16
651,4tqb5wkdss,437,651,99
652,rilc9ffrrl,438,652,18
653,uf9ezpawn7,439,653,51
654,j15zabstuu,440,654,92
655,lngw6k5mou,440,655,52
656,3o2fitpjcz,441,656,56
657,wl5xjszevw,442,657,32
658,jcofgtnpve,443,658,91
659,bd7idweqbh,443,659,3
660,amq5ho3xt1,444,660,19
661,5z4qf6gefg,444,661,22
662,h5w5zzf05s,445,662,98
663,1we8h8w6zd,445,663,87
664,3gc9kzeroi,446,664,23
665,5scv3peqv0,446,665,88
666,4jl9axf1nw,447,666,1
667,i3itee98kp,448,667,24
668,mythigfkpj,448,668,87
669,lzc2bofgt8,449,669,41
670,dpbwrt4cun,450,670,42
671,bj06songgp,451,671,12
672,cu2xw2ldo2,451,672,39
673,g9b2d7zp36,452,673,81
674,pw8idiitat,453,674,70
675,uv0ynpmqsg,454,675,65
676,tgwm0txdgd,454,676,88
677,pdliit2yxc,455,677,48
678,l4196adfby,455,678,85
679,pff4bza77g,456,679,12
680,cl2ziuzrdl,456,680,80
681,6tfijqzap2,457,681,39
682,8vhivsgz0t,457,682,37
683,fxihbfp0zn,458,683,40
684,jzvmccdxql,458,684,0
685,lpy4ebspun,459,685,0
686,5ydknkxjku,460,686,44
687,d6lgdnle0n,460,687,20
688,hlt9rmf41r,461,688,65
689,lxvpj898sb,461,689,21
690,eedsekxu7v,462,690,11
691,optadsk4bg,463,691,74
692,37rewxcbv0,464,692,98
693,2kco2octes,464,693,97
694,o9051msnqm,465,694,42
695,mzj9pyu0go,466,695,10
696,1bayckqlcu,467,696,66
697,ss7qp8c0bi,467,697,59
698,n24smrcyn2,468,698,93
699,3b8sngjroh,469,699,20
700,wlapeoj09f,469,700,66
701,3mj6kxkvbx,470,701,48
702,pwijf41qgn,470,702,12
703,hbah8wvzrv,471,703,32
704,kf4xve7k8n,472,704,84
705,tapuxmowps,473,705,23
706,3l7jsjymje,473,706,13
707,l8uszt4w83,474,707,19
708,iji9ukxy3l,474,708,3
709,ofmv7l24wu,475,709,66
710,zbtm2ibno3,475,710,51
711,yzrnilhiop,476,711,91
712,ut5c7myvfw,477,712,34
713,lecynj21i4,477,713,15
714,5apesxgbjt,478,714,60
715,skugaphfoa,479,715,21
716,ujflisluya,479,716,88
717,ul1tisuju1,480,717,76
718,gjsoniyi8u,480,718,26
719,n7389ozap9,481,719,31
720,aw7a6rpfhg,481,720,88
721,mx3idz1gwk,482,721,28
722,0k4xtjypeo,482,722,79
723,kk6dmd3qft,483,723,91
724,rch5zaokjd,483,724,91
725,uisjsg2iyo,484,725,33
726,lxur1thaxf,485,726,31
727,p8uy5krvn9,486,727,25
728,mkqvr79nu8,486,728,59
729,s44hb1cghc,487,729,84
730,hgqmpe3pgb,487,730,44
731,pj1zy2us3o,488,731,59
732,w6wyauz9of,488,732,91
733,fgmpa4ycex,489,733,13
734,ytej7viehd,490,734,26
735,8fz0mocml4,490,735,51
736,vuyalfy6le,491,736,40
737,lq3pm9zr2h,492,737,0
738,dsfmifn50m,493,738,27
739,xyrkzhglch,493,739,36
740,9bfxzoapdc,494,740,23
741,subknn86j5,495,741,84
742,va0pc0zsu9,495,742,80
743,bxy1jrefrz,496,743,34
744,96p4nqfpk7,496,744,30
745,xe2rowok7d,497,745,93
746,k6bh62vmvl,497,746,38
747,59ccvewj4z,498,747,13
748,wx70jdgxgz,498,748,11
749,6yj6yspjhe,499,749,34
750,oruiu8rc0h,499,750,70
751,iwqacqs3xo,500,751,73
752,5qjtti8w6f,501,752,59
753,n6oecvirtv,502,753,64
754,3btr1pu6zj,502,754,6
755,f1pe0c2itq,503,755,38
756,wk69e6h50t,503,756,95
757,fa8ieikno9,504,757,24
758,uvj3bi0169,505,758,63
759,8521aeulrv,506,759,84
760,oyanqyzw9x,506,760,46
761,gjjexwklao,507,761,13
762,r5crjz0cry,507,762,3
763,lwtfpasjvx,508,763,2
764,becivhtys6,508,764,51
765,kqdb8he330,509,765,25
766,c4y6r51n4h,509,766,33
767,4oih0zmeaa,510,767,83
768,bvsfq5ixpy,510,768,42
769,22nuytxigx,511,769,58
770,m9mldw4rev,511,770,99
771,t9jnhbpkzk,512,771,71
772,clljd41zse,513,772,42
773,9is6j8pmey,514,773,80
774,xeaefycw2a,515,774,46
775,wsiea00wkw,516,775,94
776,e7wfjoddqn,516,776,66
777,vtoqblveor,517,777,41
778,gjrioixms7,517,778,50
779,0ohiixlto3,518,779,7
780,67bnl4zh9c,518,780,22
781,0opacgcvbg,519,781,39
782,ecuz8brbcx,520,782,80
783,xyvcc6sokw,521,783,50
784,cif7o71nwp,522,784,15
785,0mzacyixsh,523,785,66
786,kv4tar5v9i,524,786,76
787,flxsqhz0x0,524,787,77
788,g15xtitdxs,525,788,73
789,lpxkoxgapq,526,789,47
790,zm3ekkodie,527,790,44
791,aaj7fgfvqi,527,791,47
792,3c96r5p83v,528,792,10
793,hoz7r2rhl4,528,793,12
794,oaxsen2kpg,529,794,74
795,0mlhsakh4i,530,795,5
796,nm8kwsmmzt,531,796,18
797,nt395s5ymq,532,797,44
798,ou07xhbkr4,533,798,2
799,g5rvipkn6g,534,799,47
800,ezio4xckpq,534,800,4
801,kydbby56cz,535,801,91
802,lrgcvi8sdo,536,802,89
803,prxjl3gbq3,537,803,39
804,jdy28qzjb3,538,804,76
805,l5vfglmkdv,539,805,83
806,gbtzuc5lac,540,806,89
807,yvyak37hyu,541,807,1
808,8umskkb2bp,541,808,70
809,kno9jahd4c,542,809,97
810,tyf4zf0xfq,542,810,65
811,rc4vb5tjms,543,811,99
812,9xqb7m84qu,543,812,60
813,31yrpeppbk,544,813,21
814,mwrmu5hqp9,545,814,91
815,4btv6jemcq,546,815,45
816,7zcr1e7eya,546,816,25
817,0iymasp0rq,547,817,2
818,3eo0pxphgh,548,818,34
819,74he6diibc,548,819,78
820,lezfwqlniw,549,820,13
821,bhgogeawo0,549,821,79
822,9sqbbxxszd,550,822,49
823,u3zzc3iu3a,551,823,8
824,4c9eqamfdw,551,824,18
825,5hf5qpqitw,552,825,19
826,ccjvhetgeg,552,826,48
827,bz3sb5kjna,553,827,93
828,iaba28gpqj,553,828,65
829,mdntksipa7,554,829,1
830,qoiwdct7cd,555,830,71
831,hisiy696w7,556,831,54
832,vz0iyrh9xw,556,832,5
833,gpuabtzznk,557,833,41
834,iyjmo8o1ih,558,834,13
835,aamrcbxhfo,559,835,34
836,a8ovaikpnm,559,836,21
837,puu8lvpgne,560,837,24
838,y0s2h5vpwq,561,838,7
839,qorqjvtg3b,561,839,92
840,vfjljwpxag,562,840,8
841,uqjlg85f31,562,841,70
842,ooyroxhz2j,563,842,41
843,2poyjwtj55,563,843,1
844,z1bqvl8rc1,564,844,82
845,qllmd9rioe,564,845,37
846,gbgd5qcyrf,565,846,71
847,5umwawhfrn,566,847,69
848,g5cnbaiyzm,567,848,65
849,mp53oyr36c,568,849,0
850,96hssulma6,568,850,95
851,5lfmik8y8c,569,851,66
852,qwih1pwq4p,569,852,97
853,b3cmsewtlg,570,853,70
854,4my53oaonp,570,854,97
855,1fyz12pfff,571,855,85
856,p6cl3y5ykt,571,856,56
857,rizlvhmyul,572,857,0
858,flhzhpvtfw,572,858,63
859,dgfnuoje9h,573,859,38
860,9cpsanzzul,573,860,67
861,5zmkj7wj5p,574,861,69
862,zk7djhgbyi,575,862,57
863,ksduc1o1sv,575,863,32
864,jfekyqjbjz,576,864,22
865,p8ig9zwb0y,577,865,82
866,llx0izb5kv,578,866,7
867,6pai2s51j7,578,867,36
868,yxl4i2k63i,579,868,71
869,i5hru3wiio,580,869,49
870,d7thpvfdy5,581,870,86
871,xc8kojzdg0,582,871,19
872,ebi3dq5rre,582,872,75
873,8jcbaqky2d,583,873,64
874,gigiiobj2s,584,874,13
875,vb2ujjgaft,585,875,53
876,iceiqcznez,585,876,81
877,mbuzfzef4j,586,877,39
878,x2hzp7zsvj,587,878,45
879,978hstw34p,587,879,18
880,d6kyopkjzn,588,880,50
881,ehxfgeug1h,588,881,48
882,y4l9qdezwt,589,882,48
883,zsvzl0b09h,589,883,72
884,kvq65wq7np,590,884,18
885,ofbazvyeqs,591,885,83
886,e7qfx3kwog,591,886,53
887,hifnfr6mpq,592,887,23
888,lyonh5wpzy,593,888,54
889,nf3vt20n0d,594,889,23
890,8qbyfxfhg6,595,890,73
891,zca83dyabp,595,891,3
892,rz31fobgnj,596,892,5
893,b7kjyzsyps,596,893,74
894,j2akunzdsh,597,894,86
895,9i96tyjhxx,597,895,84
896,sua04uzngv,598,896,4
897,yx093moo4k,599,897,78
898,z3kakubho0,599,898,8
899,bggwtbjwhk,600,899,83
900,ddq80mgdcf,600,900,95
901,krk9mgns7u,601,901,94
902,1gevnzi9qd,601,902,18
903,1x7wofubqn,602,903,25
904,tfip2hac0f,603,904,83
905,ocoy6h73pm,603,905,7
906,18ciozxwmf,604,906,39
907,sdpx24amcg,604,907,24
908,ekzgnpgsy9,605,908,55
909,6zkutq1ruq,605,909,91
910,w3n5fhz3it,606,910,63
911,2ajeoecban,607,911,57
912,hoomoe5tfy,608,912,18
913,uugp0t2cvm,608,913,81
914,j8wahowtgm,609,914,94
915,wm9wva2bfi,610,915,31
916,oh78nrb7vw,610,916,71
917,y7d5cnxglb,611,917,70
918,hessmwhpmo,612,918,93
919,o7q3m0effd,613,919,21
920,w6evijx62n,613,920,3
921,yur10j9yj5,614,921,74
922,xykrrypyqc,615,922,48
923,hy28mbupns,616,923,31
924,pbnfi2ctzu,617,924,58
925,dvnpscdyez,617,925,91
926,ngcrjk6hqi,618,926,95
927,u8oyss6u10,619,927,83
928,qwlcji8shd,620,928,20
929,ogqqd8bjcs,621,929,60
930,zt7blfy5mj,622,930,56
931,7cqkttnp37,622,931,37
932,2lathilshs,623,932,54
933,lvho7kb8np,624,933,86
934,urdmodhwlt,624,934,13
935,f429zwtqfd,625,935,20
936,sxvkmlc6fe,625,936,46
937,gj33s7m2sc,626,937,8
938,cmytv8zkp9,626,938,74
939,yct6t8q8lg,627,939,93
940,ykhd5ufvz2,628,940,78
941,ef7swpyrqt,628,941,91
942,uuwriys3zc,629,942,99
943,i04z678u7p,629,943,55
944,98meuvrv3t,630,944,28
945,ifuo45ch5b,631,945,28
946,ibrlfpeyrt,632,946,27
947,psnudwxwon,632,947,10
948,fczxqotklq,633,948,1
949,eylf4jbh6a,633,949,63
950,igux800eyt,634,950,5
951,qvr762yscq,634,951,30
952,58elrgcwxi,635,952,93
953,zzf7z2zevs,635,953,25
954,wrz0mwm99c,636,954,78
955,c0yhyhyfsy,636,955,34
956,js9auyaj0q,637,956,98
957,cfcq9ub9uk,637,957,40
958,qkhfova4au,638,958,60
959,jo7anvvzq3,638,959,76
960,uf7z08tky8,639,960,31
961,fi2wpi2gjh,640,961,75
962,4r9d7lywb3,640,962,51
963,jzrmvvoidy,641,963,69
964,wxqsae1pua,641,964,63
965,rtlkoi6us3,642,965,38
966,hf5b7zajjw,643,966,94
967,omwzbgz1yz,643,967,29
968,v8hr6wvd2d,644,968,50
969,tpihqj3ese,645,969,90
970,myepmbbi3f,646,970,53
971,cbtvap033g,646,971,88
972,xcfbrdm5zg,647,972,51
973,cpxn5r1sww,647,973,55
974,e6iqigj5sd,648,974,0
975,aklaeez18t,648,975,58
976,adsprxx0w9,649,976,69
977,grcmrfkf17,649,977,53
978,oxqw4oh1gp,650,978,31
979,3zuxuhxbxx,651,979,35
980,ofilrazo41,651,980,21
981,7gdom0ivuw,652,981,70
982,5u1ndwqwsi,652,982,62
983,3c9fhumzwf,653,983,25
984,hzmtkqrf4h,653,984,95
985,dg5ioxzwjj,654,985,47
986,v09rejgczg,655,986,97
987,qznrz6gmdh,656,987,54
988,9ocy2tfnmg,656,988,26
989,ayktk0thid,657,989,3
990,jbiok25bav,657,990,40
991,l7f82fzzxy,658,991,53
992,njbp46pwn0,658,992,15
993,myzxzt4s3o,659,993,96
994,ftbaj0kjvl,660,994,31
995,m6neiwyff5,661,995,88
996,v6alkf66ho,662,996,85
997,vlwghhlypa,663,997,26
998,50rhmkvysw,663,998,81
999,uodddpvhrc,664,999,81
1000,bkl4qodb02,664,1000,72
1001,wuxwuspetd,665,1001,94
1002,fv96fpol7y,666,1002,19
1003,dtd6cdqjbx,666,1003,30
1004,grbcyldowt,667,1004,98
1005,01ylevy6ue,667,1005,44
1006,xsl62vmwhq,668,1006,46
1007,ffdqv79nhh,668,1007,59
1008,7dafkfxv7t,669,1008,66
1009,yihjp4jmqn,670,1009,74
1010,dqu1ozm0u8,671,1010,81
1011,4z3ug3a0tx,671,1011,71
1012,4bdyptkjxr,672,1012,13
1013,ttkuy3eybp,672,1013,5
1014,4hixzoybrb,673,1014,23
1015,0gofozoqo9,673,1015,16
1016,uxapmtxhwp,674,1016,75
1017,e23whezxpt,674,1017,42
1018,aywgnq068v,675,1018,82
1019,eha4grmhv8,675,1019,87
1020,hrwxtpkr9i,676,1020,0
1021,s6k8p9xjb4,677,1021,16
1022,5ovtuf2ihj,678,1022,81
1023,pht6o3el5x,678,1023,46
1024,ezbjdndo2b,679,1024,51
1025,zht24bk6rm,679,1025,68
1026,62fmc254ih,680,1026,95
1027,x9g4ppczu0,680,1027,19
1028,6jznwaj4ws,681,1028,39
1029,k3zzhonwrk,682,1029,55
1030,4mstdmufk1,683,1030,17
1031,jusipz49ii,683,1031,98
1032,nrxae0af91,684,1032,10
1033,ksvuaqwvsr,685,1033,52
1034,h95ew6qlwy,685,1034,32
1035,gwjliqwnty,686,1035,76
1036,ggih0krjye,686,1036,62
1037,8w6zslord2,687,1037,91
1038,lw1hv3d0qf,688,1038,77
1039,fgspzwwowq,688,1039,68
1040,h7vrfcays3,689,1040,16
1041,1pr8mjwnq2,690,1041,87
1042,rghdnx7vxj,690,1042,68
1043,cnw0f4cyib,691,1043,47
1044,zrjckdnvw1,691,1044,57
1045,sncb4kgovz,692,1045,5
1046,7hcc9hxxwm,692,1046,14
1047,qycnggakt1,693,1047,47
1048,suvfs6gytb,693,1048,74
1049,3htcxr35xv,694,1049,90
1050,gpasbq5xcg,695,1050,81
1051,yfr1gsg8j4,695,1051,14
1052,pjnk13v1bu,696,1052,39
1053,8dmp12r1by,697,1053,51
1054,xovjrtqrcu,698,1054,8
1055,atuok5mihr,699,1055,14
1056,wqc529fvqr,699,1056,76
1057,vvsrhntcr3,700,1057,28
1058,nkwhablqvf,701,1058,52
1059,hywmlfjado,701,1059,87
1060,zpd5m3ty1i,702,1060,5
1061,xjapf1b9x1,703,1061,10
1062,ugdy45lthf,703,1062,73
1063,p0zxavt7jh,704,1063,36
1064,5jefi9lhg1,704,1064,69
1065,haafskagm7,705,1065,62
1066,bq4movlj5s,706,1066,64
1067,k7rzq70oi8,706,1067,91
1068,wb6wtt746i,707,1068,17
1069,ckaxkvc5mx,707,1069,12
1070,lzlrdmpvww,708,1070,18
1071,4f5o81ujd8,708,1071,95
1072,emw4jro3lj,709,1072,33
1073,tffmoqt124,710,1073,95
1074,xepmvot98o,711,1074,74
1075,j47l4vgsrg,711,1075,35
1076,7gzv2vsnbe,712,1076,88
1077,7j5qffqota,713,1077,10
1078,g9kxm1kekt,713,1078,82
1079,7zyu20ypwy,714,1079,69
1080,jj5gthdcbq,715,1080,4
1081,f1jlgsga2m,715,1081,0
1082,pq6xfi7cue,716,1082,83
1083,7qlpxkda0x,716,1083,11
1084,9cggndkzma,717,1084,5
1085,asvb5ddfu0,718,1085,94
1086,uprtpnhgzk,718,1086,71
1087,rzueg4ylzo,719,1087,50
1088,wgntpejqc7,719,1088,2
1089,3ktsv5d3zu,720,1089,3
1090,6g3wsnjsgp,720,1090,67
1091,6ixrvgidox,721,1091,28
1092,lrjmhzmpxq,721,1092,34
1093,arawrstpgn,722,1093,17
1094,yj489j6rdx,723,1094,73
1095,su7ovcwoam,723,1095,88
1096,wc4faos2mw,724,1096,82
1097,ba4yydy25j,724,1097,14
1098,7kjuqgrmx4,725,1098,38
1099,9dtkhbzrqa,725,1099,99
1100,u7hcxys5b2,726,1100,81
1101,phi9s2h67r,726,1101,75
1102,n0fjginx2n,727,1102,50
1103,9lplqh8pu2,728,1103,78
1104,flmtt8i9zq,728,1104,77
1105,ngtcznn5xc,729,1105,28
1106,19hcyj7pb5,730,1106,17
1107,3ubudaoatv,730,1107,21
1108,r6mqgthugn,731,1108,25
1109,lqxwupu9hy,731,1109,85
1110,iydvw9w53t,732,1110,53
1111,grqjbkukil,733,1111,12
1112,ff3aidatl5,733,1112,45
1113,lz1utnpyvh,734,1113,1
1114,a0pr875oqc,735,1114,65
1115,5qkrd5i3wu,736,1115,98
1116,ykunjzzr0t,736,1116,63
1117,wvcpexf4mb,737,1117,9
1118,fqfyf1gw53,737,1118,79
1119,1h9ry8mb48,738,1119,19
1120,5yz5vur0cc,738,1120,82
1121,lxaqum4aah,739,1121,43
1122,ya41tdshqv,739,1122,47
1123,niwhjilbyi,740,1123,96
1124,uuy4mgpbyb,741,1124,71
1125,na6ddvesuj,742,1125,32
1126,prn704kyhc,743,1126,35
1127,msavytccy7,744,1127,11
1128,ehuwf2dzew,745,1128,29
1129,92kec1zgyh,745,1129,27
1130,yqf2mwjfx8,746,1130,87
1131,kwa0hzectp,747,1131,22
1132,2e3spf3vnc,747,1132,98
1133,1snt57drsy,748,1133,41
1134,7o0eo5qlrz,749,1134,55
1135,omvtjzcdag,749,1135,10
1136,7ot6o1s6bb,750,1136,83
1137,evxxwtcq9y,751,1137,57
1138,skdafsfpqe,752,1138,13
1139,fz2n06ssml,752,1139,65
1140,tchczy68eo,753,1140,53
1141,lekxgry4nz,753,1141,36
1142,c3hf2ci14l,754,1142,86
1143,4fhqc71qdi,755,1143,71
1144,cn2aqp6ykb,755,1144,74
1145,9yrc0f6iki,756,1145,41
1146,gj3kaevfse,756,1146,88
1147,hrdjmhxqad,757,1147,76
1148,axdd11tc39,758,1148,93
1149,edg4ie7jto,759,1149,31
1150,voaps9cs88,759,1150,0
1151,gi27ttdj7n,760,1151,66
1152,u1cr5up0rc,760,1152,63
1153,kujsrerqnh,761,1153,21
1154,jfsrzfymgj,761,1154,63
1155,jg0mytlrx8,762,1155,3
1156,f5gmbv6pf9,762,1156,53
1157,h5tbzgnsqc,763,1157,91
1158,cmnl7fb3lh,763,1158,45
1159,8embpxxhau,764,1159,53
1160,nzatcoqi1l,765,1160,81
1161,xwa26kviot,766,1161,11
1162,u2bdxetdot,766,1162,89
1163,ipv4rjvehu,767,1163,40
1164,uzqd0xxcdt,767,1164,83
1165,jb4vg8tnby,768,1165,58
1166,jdjad0oaxz,768,1166,91
1167,90h8orqm93,769,1167,80
1168,1bhh4isbzc,770,1168,77
1169,eg0wp4lynb,770,1169,49
1170,oolpj4tn0u,771,1170,40
1171,ekg7cqtucx,772,1171,51
1172,lsnicuvb5x,772,1172,19
1173,ouumebi0p1,773,1173,52
1174,388navd6mi,773,1174,54
1175,923qsbbqcl,774,1175,44
1176,1morrjlzvs,775,1176,19
1177,fyywphajg7,776,1177,66
1178,o5w0bylh21,776,1178,43
1179,x2yg7ed7g8,777,1179,26
1180,slif08am3e,777,1180,53
1181,t432kwr2ou,778,1181,37
1182,icnd8ausln,779,1182,80
1183,ll3mdbxqgn,780,1183,83
1184,3moofbhjqn,780,1184,39
1185,d7n3tpe9wm,781,1185,63
1186,6yzuufz3jh,781,1186,46
1187,b1p1o29mx9,782,1187,59
1188,s7jxqm9wev,783,1188,61
1189,enba47di7u,783,1189,59
1190,jaumtwnexm,784,1190,50
1191,ixzyj4nuoz,785,1191,28
1192,jpmmnsk0xs,786,1192,12
1193,8q6msgwgzm,787,1193,27
1194,rjsnpoytyf,788,1194,59
1195,vpszg029hy,788,1195,56
1196,jkp2fzidfd,789,1196,85
1197,4x5feisaaf,790,1197,3
1198,1xqxikw09j,791,1198,82
1199,s7rv6l0byq,792,1199,7
1200,ds81kfdmp0,793,1200,34
1201,o0hs2om4h5,793,1201,26
1202,0qwrjwfm2g,794,1202,1
1203,u4nzns8fif,794,1203,75
1204,0osaraszee,795,1204,3
1205,7soxcjnfsj,795,1205,38
1206,0rttkhoo5t,796,1206,74
1207,g6n7ndbtcq,797,1207,52
1208,xj57mlmcc8,798,1208,9
1209,j9w517tnq5,798,1209,78
1210,qwhufg4j6f,799,1210,2
1211,3i9cc9gdb0,800,1211,1
1212,gzrrmeyeg9,801,1212,37
1213,9rxx6xulvy,802,1213,10
1214,dco4nem54d,803,1214,55
1215,4pudgdmpee,804,1215,18
1216,qhmwewlv3n,805,1216,64
1217,izp0h0fqr0,805,1217,58
1218,ih8hawm4v9,806,1218,69
1219,opkjw10zua,807,1219,63
1220,nhwvzln7wr,808,1220,24
1221,twrwqentil,809,1221,19
1222,tjmj5ztcv7,809,1222,73
1223,mnocqm6eav,810,1223,76
1224,tmxylzj3nz,811,1224,14
1225,q841s5qwqi,811,1225,49
1226,uhpovq4w0t,812,1226,1
1227,f90pb4hptz,813,1227,95
1228,swotru8cel,814,1228,40
1229,ieojrd0hu2,815,1229,91
1230,1ko36on6yl,815,1230,85
1231,cgm7vo7da5,816,1231,35
1232,tzkhksf78q,816,1232,99
1233,u6dceefu0c,817,1233,73
1234,tpug46ui31,817,1234,0
1235,z3vew5ldyr,818,1235,54
1236,4indedjr3a,818,1236,77
1237,m0nauqurmq,819,1237,30
1238,xgeqhmroyx,820,1238,72
1239,scw4f87ycd,820,1239,60
1240,40ltim3ndo,821,1240,28
1241,vbttyyoc8p,822,1241,24
1242,lrdcfs0uc9,823,1242,38
1243,jm0ay7lxto,823,1243,35
1244,xqvdnekp2z,824,1244,19
1245,x0pp4jejch,824,1245,92
1246,4lu5jcqz2p,825,1246,69
1247,xnqo2xwieq,825,1247,76
1248,8m7ftyj9je,826,1248,18
1249,nozjittcqw,827,1249,79
1250,ovunqar8mz,827,1250,98
1251,87m9gzvh52,828,1251,68
1252,ed71amqshu,829,1252,40
1253,hgqbwad5i1,829,1253,97
1254,ujqno6tzwv,830,1254,10
1255,zl7t890myk,831,1255,79
1256,ocfne71g5r,832,1256,17
1257,wg98w8kop4,832,1257,13
1258,qvua8xct5y,833,1258,32
1259,b1skqqrn3o,833,1259,87
1260,fgpi79b734,834,1260,31
1261,ikhv7srlim,835,1261,82
1262,si0m1g81ps,835,1262,21
1263,pyaa2cli3b,836,1263,81
1264,647i5dmgud,837,1264,81
1265,simpkwm0re,837,1265,99
1266,f2jl02lgfs,838,1266,54
1267,fokittagpi,838,1267,45
1268,srd1yr9nt4,839,1268,26
1269,z8hfmshk2l,840,1269,86
1270,yrjqftvwaz,841,1270,57
1271,ripdth3uqw,842,1271,32
1272,yawddrokfh,842,1272,49
1273,1n7dqpu13b,843,1273,88
1274,mwkpn4anms,844,1274,1
1275,5zisu6ew9q,845,1275,65
1276,gqygdkip6f,846,1276,8
1277,myjpsy9o07,847,1277,87
1278,b61hcf6ybp,848,1278,93
1279,uf4asvd2hj,848,1279,57
1280,hl74sf3zcy,849,1280,65
1281,9u6fp3fmzu,850,1281,35
1282,yecscuudcv,850,1282,81
1283,ks6ogi1da1,851,1283,93
1284,mwo8c1lane,852,1284,74
1285,ngywbhkenv,853,1285,27
1286,fqhyooxnyk,854,1286,25
1287,xblloxbbi7,854,1287,92
1288,h2xaloinj1,855,1288,55
1289,wkora2stny,855,1289,3
1290,pvgly30sdk,856,1290,10
1291,dvabyflxbn,856,1291,21
1292,ozv8y6snic,857,1292,79
1293,wgeupwqabc,857,1293,72
1294,tcnaln5gcb,858,1294,49
1295,pm0ugprym1,859,1295,1
1296,aiaw7hvpn9,860,1296,57
1297,um4abuyjoi,861,1297,34
1298,h8g5xl8smd,861,1298,53
1299,oc0qg3i1yy,862,1299,91
1300,bqg40ihbau,863,1300,27
1301,m1xi5mr9tq,863,1301,80
1302,rgtj9hoewl,864,1302,86
1303,svyqptiwjr,865,1303,16
1304,c9e6fqgfda,866,1304,88
1305,uva0y6ai8w,866,1305,78
1306,gufczrggy9,867,1306,43
1307,6h4wmyvjjb,868,1307,38
1308,ftixaitlbw,869,1308,88
1309,ua09nqkoxf,869,1309,52
1310,khgz6ed9p2,870,1310,51
1311,ctcnbw4ac9,871,1311,15
1312,qy7ein2zoc,871,1312,26
1313,lpeo0umef0,872,1313,49
1314,ixh66c7su5,872,1314,39
1315,qpnvrf8qpo,873,1315,90
1316,tyvyijdkk3,873,1316,67
1317,gwnv98dlos,874,1317,6
1318,obfoeazq7d,874,1318,42
1319,mtbkgdx0kl,875,1319,85
1320,ff8vhziw3r,875,1320,28
1321,strb6iumio,876,1321,82
1322,8f0wmlar1u,876,1322,29
1323,1bmcmlodee,877,1323,38
1324,bayvqkm1yx,877,1324,39
1325,s01gdsxumg,878,1325,19
1326,7x2hsgti8d,879,1326,51
1327,wngilpxit1,880,1327,44
1328,8ytswwdlmw,880,1328,39
1329,kifn5ji5sb,881,1329,77
1330,zone0vt9lk,882,1330,98
1331,ascnlp1lki,882,1331,36
1332,p0zmuqn6f1,883,1332,72
1333,jgymruvrdm,884,1333,32
1334,lezs2nbiib,885,1334,3
1335,mimvijeajq,885,1335,46
1336,icdodxvvrx,886,1336,88
1337,ikmz1uyjf6,887,1337,85
1338,3kagthfc7z,888,1338,61
1339,s3jgyf9y5b,889,1339,39
1340,mx80gxjvmn,890,1340,20
1341,gpeywb1ijf,891,1341,20
1342,zypmn6aqel,891,1342,89
1343,l4lbzycelf,892,1343,99
1344,bvf216ef4u,892,1344,49
1345,h29fsacz5l,893,1345,92
1346,x2cfk3rmyi,893,1346,93
1347,4r2rjrdh9p,894,1347,39
1348,i6zdr9zjxu,895,1348,83
1349,ge8zszri1o,895,1349,2
1350,9kqdu2iy9j,896,1350,22
1351,g4yelwepge,896,1351,9
1352,zp7g0sj3jq,897,1352,11
1353,rvotbu8i0o,897,1353,81
1354,u2or2yv9oh,898,1354,44
1355,tjb9ga99u6,899,1355,50
1356,358lis7exv,899,1356,46
1357,9ort6tp4s8,900,1357,68
1358,28kdmazbvz,900,1358,67
1359,izs63jxnh9,901,1359,7
1360,3doso8ama9,902,1360,74
1361,wma3csdmmj,903,1361,51
1362,zq8uor1h1c,903,1362,54
1363,4flshjbovb,904,1363,44
1364,iy6juuewy7,904,1364,88
1365,cabrqzd2kk,905,1365,64
1366,l9o31hljds,905,1366,6
1367,ara4kbhdat,906,1367,8
1368,yxuzip1fyy,906,1368,33
1369,w3h29tyxnb,907,1369,92
1370,wx68x3stad,908,1370,48
1371,jew2fgwrod,908,1371,30
1372,pgd39h9gtz,909,1372,80
1373,v6hyc7dmtt,909,1373,50
1374,fiugfbviyz,910,1374,31
1375,dhkxdm7wsq,911,1375,72
1376,uhlcuvysop,912,1376,5
1377,jhcbemg9id,912,1377,0
1378,chhq35itlf,913,1378,77
1379,zqjvx6rp8y,914,1379,44
1380,8zamn2rijr,915,1380,62
1381,qrveyi05zj,915,1381,14
1382,0kn8ti9lxz,916,1382,96
1383,malcrj4uju,917,1383,70
1384,xqrbbnkfif,917,1384,54
1385,5lymfrkfxm,918,1385,25
1386,bwxvfex5gt,918,1386,82
1387,o6xuxhczr8,919,1387,32
1388,h0bxs8zua8,919,1388,69
1389,zqkpo0ijhs,920,1389,58
1390,kjc2q4iebp,920,1390,88
1391,ffr45nncd4,921,1391,49
1392,lruivlp7kv,922,1392,19
1393,mt8xpt6llv,923,1393,75
1394,dpyhrfbguh,923,1394,2
1395,g7cwxycg71,924,1395,35
1396,bd1l4rowol,925,1396,12
1397,x3j6fvnmns,926,1397,86
1398,kxx1n7a3o0,927,1398,46
1399,xc4oufu7uv,927,1399,31
1400,lu9iaye9mk,928,1400,34
1401,4o6o94p7qf,929,1401,49
1402,jy7dk4fixn,929,1402,51
1403,zbwyovabix,930,1403,3
1404,cklorcj90k,930,1404,84
1405,se3i6p6pu3,931,1405,91
1406,e6ggolmop3,931,1406,85
1407,8aodtoqsn8,932,1407,47
1408,btnbry8zaf,933,1408,29
1409,piy6t8vu57,933,1409,13
1410,rbp2xbl2qa,934,1410,77
1411,b9pjhnrakw,934,1411,86
1412,pylisznyrs,935,1412,86
1413,qdywa176i4,935,1413,73
1414,3gvwflvzey,936,1414,71
1415,znv7zgsql5,936,1415,59
1416,j1u03tr2yd,937,1416,19
1417,milho1knjy,937,1417,43
1418,umemv0gerr,938,1418,97
1419,dgurahjagj,939,1419,10
1420,fbfmpnypx8,939,1420,51
1421,m0bfsexvyh,940,1421,69
1422,qq9ifecnu0,940,1422,39
1423,mgloyxxpym,941,1423,34
1424,uh8gupmqrq,942,1424,75
1425,tvhaozve7q,943,1425,83
1426,zpd43innx3,944,1426,46
1427,majqn4vps3,945,1427,50
1428,xq5meyndq5,946,1428,76
1429,cwua2xvdey,947,1429,16
1430,1k6cswe2iu,947,1430,66
1431,pscimf4kyj,948,1431,7
1432,t0qm5dv3id,948,1432,22
1433,14wpnkcuv6,949,1433,10
1434,uqmml8fvmi,949,1434,4
1435,fseneuf1bi,950,1435,43
1436,poo90rv99c,950,1436,64
1437,o050qp3yfh,951,1437,0
1438,dtpsrdzrel,951,1438,35
1439,uzsruz83zt,952,1439,66
1440,qucljlt3ck,953,1440,90
1441,pvmhlcp47p,954,1441,50
1442,rvwn4zumrn,954,1442,47
1443,uuozxm5y6l,955,1443,3
1444,8bpcqep3xt,956,1444,7
1445,sieez8vhn8,956,1445,34
1446,ai4wsaipxk,957,1446,76
1447,m6k7pioqkr,958,1447,43
1448,g98wxbwhe5,959,1448,94
1449,kgc0qqe7q7,959,1449,82
1450,fk0wpc8z4s,960,1450,13
1451,emt8sjxibl,960,1451,5
1452,w3qyoqqc8e,961,1452,14
1453,1o0xsisdd5,961,1453,89
1454,dvbd4uy58d,962,1454,29
1455,yrwapcjykc,962,1455,36
1456,7qur46a8x6,963,1456,41
1457,3uzywtfjvs,963,1457,72
1458,pgnb53jkmh,964,1458,25
1459,bk0nspzt8w,964,1459,29
1460,hvfjfw3d4n,965,1460,48
1461,37eyvxk0rx,965,1461,26
1462,2ld1sbv8ht,966,1462,39
1463,bibobyf1rv,967,1463,10
1464,yb41camd6e,967,1464,76
1465,z4enbicmol,968,1465,59
1466,yxx0nm8gjw,968,1466,4
1467,1m1o97edf7,969,1467,27
1468,ttxcdpjwvb,970,1468,49
1469,qcy8aw3rj0,970,1469,54
1470,ftdm0wpyno,971,1470,42
1471,l3mq0du4j5,972,1471,16
1472,6hc98ytkds,973,1472,62
1473,0fp9hyixqg,974,1473,47
1474,jsdhxxpgs5,975,1474,9
1475,l5bbn0woni,975,1475,94
1476,ias1btnxyi,976,1476,71
1477,nqkzgcce9u,976,1477,21
1478,1a7dn04vmy,977,1478,17
1479,j5cgxbhavk,978,1479,96
1480,qzpfwq2c6c,979,1480,50
1481,cnrvgm10kd,980,1481,88
1482,i4ige8bxcr,981,1482,45
1483,hay9qc2ezq,982,1483,66
1484,y6383gvxri,983,1484,65
1485,2n7wfrpe11,984,1485,3
1486,smr19w9eol,984,1486,43
1487,bco6fiopqh,985,1487,31
1488,ia5grmrvg6,985,1488,20
1489,teb7q1qqmc,986,1489,85
1490,lcaqcvhls8,987,1490,17
1491,cbut6xnmtv,988,1491,20
1492,2h5lyrwvos,988,1492,35
1493,jacljt3td3,989,1493,27
1494,cr9i4mibm5,989,1494,61
1495,gjhjcvhxxy,990,1495,75
1496,bpyn3lieps,991,1496,25
1497,r0mr6xo7qr,991,1497,35
1498,ihc30bszsn,992,1498,78
1499,6fdkezdmom,993,1499,92
1500,oqyefp1m2n,993,1500,56
1501,oxfiq7njp6,994,1501,31
1502,fwhrfwktvh,995,1502,73
1503,cvsl3vdnmk,995,1503,81
1504,flnkbbgkcf,996,1504,12
1505,d0zrpixcsv,997,1505,39
1506,xh23qe27v1,997,1506,45
1507,z0t4v7ktrs,998,1507,58
1508,kx5rp0idjp,998,1508,79
1509,olobadddih,999,1509,52
1510,jjlgfhfmv9,999,1510,63
1511,zkaepadeuc,1000,1511,35
1512,osd6gjoqf8,1000,1512,30
1513,hdjy2rghev,1001,1513,12
1514,zegx71kvyl,1001,1514,71
1515,izav5a0jpa,1002,1515,55
1516,couqtry1uw,1002,1516,83
1517,ct3tm0cdxk,1003,1517,58
1518,mta5cvxtq5,1003,1518,71
1519,gzpqs4lssu,1004,1519,40
1520,llr4hudpbz,1005,1520,63
1521,k8z2g1hs2y,1006,1521,46
1522,sjudftgwpb,1006,1522,8
1523,lw8ewarxz4,1007,1523,50
1524,1r8nwdgr7l,1007,1524,66
1525,qxa51b9hra,1008,1525,27
1526,aisj3tud9o,1009,1526,90
1527,jprhv5jj54,1009,1527,84
1528,5k5tomzhjh,1010,1528,99
1529,rmzkfqx8ro,1011,1529,30
1530,hd1cncgkcu,1011,1530,26
1531,04xpqe8anl,1012,1531,96
1532,ppastyx1rb,1013,1532,20
1533,aora0avqae,1013,1533,38
1534,0zds7nhcqg,1014,1534,12
1535,2wz7xazds1,1014,1535,42
1536,m3tnd334uh,1015,1536,54
1537,uint1v6kj9,1016,1537,73
1538,6oefj9inms,1017,1538,37
1539,ufsttybwdg,1017,1539,63
1540,yagxszngnn,1018,1540,16
1541,lzxlgom2ai,1019,1541,77
1542,noemdbst61,1020,1542,38
1543,0dnxpkvgb5,1020,1543,33
1544,hyztiejyop,1021,1544,15
1545,f1oskdjipd,1021,1545,25
1546,dict2jswu4,1022,1546,38
1547,qa43o2fgr4,1023,1547,67
1548,n6q0rhghnj,1023,1548,47
1549,djpwrviupd,1024,1549,90
